{"optimizer": "adam", "epochs": 20, "classes_dict": {"NO-AR": 0, "glycopeptide": 1, "fosfomycin": 2, "carbapenem": 3, "cephalosporin": 4, "cephamycin": 5, "fluoroquinolone": 6, "monobactam": 7, "penam": 8, "penem": 9, "phenicol": 10, "tetracycline": 11, "bacitracin": 12, "macrolide": 13, "beta-lactam": 14, "aminoglycoside": 15, "glycylcycline": 16, "rifampicin": 17, "triclosan": 18, "aminocoumarin": 19, "diaminopyrimidine": 20, "peptide": 21, "sulfonamide": 22, "polymyxin": 23, "acridinedye": 24, "multidrug": 25, "lincosamide": 26, "nucleoside": 27, "nitroimidazole": 28, "chloramphenicol": 29, "pleuromutilin": 30, "streptogramin": 31, "fusidic-acid": 32, "sulfone": 33, "bicyclomycin": 34, "quinolone": 35}, "reverse_classes_dict": {"0": "NO-AR", "1": "glycopeptide", "2": "fosfomycin", "3": "carbapenem", "4": "cephalosporin", "5": "cephamycin", "6": "fluoroquinolone", "7": "monobactam", "8": "penam", "9": "penem", "10": "phenicol", "11": "tetracycline", "12": "bacitracin", "13": "macrolide", "14": "beta-lactam", "15": "aminoglycoside", "16": "glycylcycline", "17": "rifampicin", "18": "triclosan", "19": "aminocoumarin", "20": "diaminopyrimidine", "21": "peptide", "22": "sulfonamide", "23": "polymyxin", "24": "acridinedye", "25": "multidrug", "26": "lincosamide", "27": "nucleoside", "28": "nitroimidazole", "29": "chloramphenicol", "30": "pleuromutilin", "31": "streptogramin", "32": "fusidic-acid", "33": "sulfone", "34": "bicyclomycin", "35": "quinolone"}}